,exp_id,agent_id,env_name,exp_seed,num_episodes,time_limit,episode_step_limit,policy_id,discount,c_init,c_base,truncated,action_selection,dirichlet_alpha,root_exploration_fraction,extra_particles_prop,step_limit,epsilon,other_policy_dist,meta_policy_dict,num_sims,action_dist_distance_0,action_dist_distance_1,action_dist_distance_0_0,action_dist_distance_0_1,action_dist_distance_0_2,action_dist_distance_0_3,action_dist_distance_0_4,action_dist_distance_0_5,action_dist_distance_0_6,action_dist_distance_0_7,action_dist_distance_0_8,action_dist_distance_0_9,action_dist_distance_0_10,action_dist_distance_0_11,action_dist_distance_0_12,action_dist_distance_0_13,action_dist_distance_0_14,action_dist_distance_0_15,action_dist_distance_0_16,action_dist_distance_0_17,action_dist_distance_0_18,action_dist_distance_0_19,action_dist_distance_0_20,action_dist_distance_0_21,action_dist_distance_0_22,action_dist_distance_0_23,action_dist_distance_0_24,action_dist_distance_0_25,action_dist_distance_0_26,action_dist_distance_0_27,action_dist_distance_0_28,action_dist_distance_0_29,action_dist_distance_0_30,action_dist_distance_0_31,action_dist_distance_0_32,action_dist_distance_0_33,action_dist_distance_0_34,action_dist_distance_0_35,action_dist_distance_0_36,action_dist_distance_0_37,action_dist_distance_0_38,action_dist_distance_0_39,action_dist_distance_0_40,action_dist_distance_0_41,action_dist_distance_0_42,action_dist_distance_0_43,action_dist_distance_0_44,action_dist_distance_0_45,action_dist_distance_0_46,action_dist_distance_0_47,action_dist_distance_0_48,action_dist_distance_0_49,action_dist_distance_1_0,action_dist_distance_1_1,action_dist_distance_1_2,action_dist_distance_1_3,action_dist_distance_1_4,action_dist_distance_1_5,action_dist_distance_1_6,action_dist_distance_1_7,action_dist_distance_1_8,action_dist_distance_1_9,action_dist_distance_1_10,action_dist_distance_1_11,action_dist_distance_1_12,action_dist_distance_1_13,action_dist_distance_1_14,action_dist_distance_1_15,action_dist_distance_1_16,action_dist_distance_1_17,action_dist_distance_1_18,action_dist_distance_1_19,action_dist_distance_1_20,action_dist_distance_1_21,action_dist_distance_1_22,action_dist_distance_1_23,action_dist_distance_1_24,action_dist_distance_1_25,action_dist_distance_1_26,action_dist_distance_1_27,action_dist_distance_1_28,action_dist_distance_1_29,action_dist_distance_1_30,action_dist_distance_1_31,action_dist_distance_1_32,action_dist_distance_1_33,action_dist_distance_1_34,action_dist_distance_1_35,action_dist_distance_1_36,action_dist_distance_1_37,action_dist_distance_1_38,action_dist_distance_1_39,action_dist_distance_1_40,action_dist_distance_1_41,action_dist_distance_1_42,action_dist_distance_1_43,action_dist_distance_1_44,action_dist_distance_1_45,action_dist_distance_1_46,action_dist_distance_1_47,action_dist_distance_1_48,action_dist_distance_1_49,bayes_accuracy_0,bayes_accuracy_1,bayes_accuracy_0_0,bayes_accuracy_0_1,bayes_accuracy_0_2,bayes_accuracy_0_3,bayes_accuracy_0_4,bayes_accuracy_0_5,bayes_accuracy_0_6,bayes_accuracy_0_7,bayes_accuracy_0_8,bayes_accuracy_0_9,bayes_accuracy_0_10,bayes_accuracy_0_11,bayes_accuracy_0_12,bayes_accuracy_0_13,bayes_accuracy_0_14,bayes_accuracy_0_15,bayes_accuracy_0_16,bayes_accuracy_0_17,bayes_accuracy_0_18,bayes_accuracy_0_19,bayes_accuracy_0_20,bayes_accuracy_0_21,bayes_accuracy_0_22,bayes_accuracy_0_23,bayes_accuracy_0_24,bayes_accuracy_0_25,bayes_accuracy_0_26,bayes_accuracy_0_27,bayes_accuracy_0_28,bayes_accuracy_0_29,bayes_accuracy_0_30,bayes_accuracy_0_31,bayes_accuracy_0_32,bayes_accuracy_0_33,bayes_accuracy_0_34,bayes_accuracy_0_35,bayes_accuracy_0_36,bayes_accuracy_0_37,bayes_accuracy_0_38,bayes_accuracy_0_39,bayes_accuracy_0_40,bayes_accuracy_0_41,bayes_accuracy_0_42,bayes_accuracy_0_43,bayes_accuracy_0_44,bayes_accuracy_0_45,bayes_accuracy_0_46,bayes_accuracy_0_47,bayes_accuracy_0_48,bayes_accuracy_0_49,bayes_accuracy_1_0,bayes_accuracy_1_1,bayes_accuracy_1_2,bayes_accuracy_1_3,bayes_accuracy_1_4,bayes_accuracy_1_5,bayes_accuracy_1_6,bayes_accuracy_1_7,bayes_accuracy_1_8,bayes_accuracy_1_9,bayes_accuracy_1_10,bayes_accuracy_1_11,bayes_accuracy_1_12,bayes_accuracy_1_13,bayes_accuracy_1_14,bayes_accuracy_1_15,bayes_accuracy_1_16,bayes_accuracy_1_17,bayes_accuracy_1_18,bayes_accuracy_1_19,bayes_accuracy_1_20,bayes_accuracy_1_21,bayes_accuracy_1_22,bayes_accuracy_1_23,bayes_accuracy_1_24,bayes_accuracy_1_25,bayes_accuracy_1_26,bayes_accuracy_1_27,bayes_accuracy_1_28,bayes_accuracy_1_29,bayes_accuracy_1_30,bayes_accuracy_1_31,bayes_accuracy_1_32,bayes_accuracy_1_33,bayes_accuracy_1_34,bayes_accuracy_1_35,bayes_accuracy_1_36,bayes_accuracy_1_37,bayes_accuracy_1_38,bayes_accuracy_1_39,bayes_accuracy_1_40,bayes_accuracy_1_41,bayes_accuracy_1_42,bayes_accuracy_1_43,bayes_accuracy_1_44,bayes_accuracy_1_45,bayes_accuracy_1_46,bayes_accuracy_1_47,bayes_accuracy_1_48,bayes_accuracy_1_49,search_time_mean,search_time_std,update_time_mean,update_time_std,reinvigoration_time_mean,reinvigoration_time_std,evaluation_time_mean,evaluation_time_std,policy_calls_mean,policy_calls_std,inference_time_mean,inference_time_std,search_depth_mean,search_depth_std,min_value_mean,min_value_std,max_value_mean,max_value_std,episode_returns_mean,episode_returns_std,episode_returns_max,episode_returns_min,episode_discounted_returns_mean,episode_discounted_returns_std,episode_discounted_returns_max,episode_discounted_returns_min,episode_steps_mean,episode_steps_std,episode_times_mean,episode_times_std,episode_dones,num_outcome_LOSS,num_outcome_DRAW,num_outcome_WIN,num_outcome_NA,belief_size
0,0,0,Driving7x7RoundAbout-n2-v0,0,3,None,50,baposgmcp_5,0.99,1.25,20000,True,pucb,0.5,0.5,0.0625,50,0.01,{1: {'Driving7x7RoundAbout-n2-v0/klr_k0_seed0-v0': 1.0}},"{(-1, 'Driving7x7RoundAbout-n2-v0/klr_k0_seed0-v0'): {'Driving7x7RoundAbout-n2-v0/klr_k1_seed0-v0': 1.0}}",5,,0.4190361367422654,,,,,,,,,,,,,,,,,,,,,,,,,,,,,,,,,,,,,,,,,,,,,,,,,,,0.8277033381934347,0.6789896666439885,0.8818465600791144,0.166486910832681,0.1177913092961972,0.3385573356151128,0.8761016481877495,0.8930819241100417,0.4626067915515124,7.018482661960739e-05,0.0003242738124668,0.0003855763150963,0.4998664355874848,0.0010882173635986,0.4729418055520445,0.0,,,,,,,,,,,,,,,,,,,,,,,,,,,,,,,,,,,,1.0,,,,,,,,,,,,,,,,,,,,,,,,,,,,,,,,,,,,,,,,,,,,,,,,,,,1.0,1.0,1.0,1.0,1.0,1.0,1.0,1.0,1.0,1.0,1.0,1.0,1.0,1.0,1.0,1.0,,,,,,,,,,,,,,,,,,,,,,,,,,,,,,,,,,,0.0192035747709728,0.0088560856214361,0.0017777417954944,0.0006874656661555,0.0005439506258283,0.0006390457837717,2.740905398414249e-06,1.0956347729606864e-06,16.91333333333333,7.582723052366404,0.0166665320926242,0.0067228126260112,3.056825396825397,1.457497691692854,0.9844377624321362,0.0374738854040914,1.4165773096346514,0.034754211645894,1.5333333333333332,0.0471404520791032,1.6,1.5,1.3783200670215632,0.0405185275393841,1.4199490395625356,1.3234042890625357,26.33333333333333,16.73983937265296,0.4728035132090251,0.130333333950267,1.0,0,0,3,0,
1,0,1,Driving7x7RoundAbout-n2-v0,0,3,None,50,Driving7x7RoundAbout-n2-v0/klr_k0_seed0-v0,None,None,None,None,None,None,None,None,None,None,None,None,None,,,,,,,,,,,,,,,,,,,,,,,,,,,,,,,,,,,,,,,,,,,,,,,,,,,,,,,,,,,,,,,,,,,,,,,,,,,,,,,,,,,,,,,,,,,,,,,,,,,,,,,,,,,,,,,,,,,,,,,,,,,,,,,,,,,,,,,,,,,,,,,,,,,,,,,,,,,,,,,,,,,,,,,,,,,,,,,,,,,,,,,,,,,,,,,,,,,,,,,,,,,,,,,,,,,,,,,,,,,,,,,1.15,0.6363961030678927,1.6,0.25,1.0372086687138615,0.5669687220270998,1.4381160967798945,0.2353938125817955,26.33333333333333,16.73983937265296,0.4728035132090251,0.130333333950267,1.0,0,0,2,1,
2,4,0,Driving7x7RoundAbout-n2-v0,0,3,None,50,metabaseline,,,,,,,,,,,{1: {'Driving7x7RoundAbout-n2-v0/klr_k0_seed0-v0': 1.0}},"{(-1, 'Driving7x7RoundAbout-n2-v0/klr_k0_seed0-v0'): {'Driving7x7RoundAbout-n2-v0/klr_k1_seed0-v0': 1.0}}",,,,,,,,,,,,,,,,,,,,,,,,,,,,,,,,,,,,,,,,,,,,,,,,,,,,,,,,,,,,,,,,,,,,,,,,,,,,,,,,,,,,,,,,,,,,,,,,,,,,,,,,,,,,,,,,,,,,,,,,,,,,,,,,,,,,,,,,,,,,,,,,,,,,,,,,,,,,,,,,,,,,,,,,,,,,,,,,,,,,,,,,,,,,,,,,,,,,,,,,,,,,,,,,,,,,,,,,,,,,,,,,1.6000000000000003,2.220446049250313e-16,1.6,1.6,1.41131469030871,0.0122108138170259,1.4199490395625356,1.3940459918010593,15.666666666666666,0.9428090415820634,0.0334417819976806,0.0024816233982617,1.0,0,0,3,0,
3,4,1,Driving7x7RoundAbout-n2-v0,0,3,None,50,Driving7x7RoundAbout-n2-v0/klr_k0_seed0-v0,,,,,,,,,,,None,None,,,,,,,,,,,,,,,,,,,,,,,,,,,,,,,,,,,,,,,,,,,,,,,,,,,,,,,,,,,,,,,,,,,,,,,,,,,,,,,,,,,,,,,,,,,,,,,,,,,,,,,,,,,,,,,,,,,,,,,,,,,,,,,,,,,,,,,,,,,,,,,,,,,,,,,,,,,,,,,,,,,,,,,,,,,,,,,,,,,,,,,,,,,,,,,,,,,,,,,,,,,,,,,,,,,,,,,,,,,,,,,,1.5666666666666669,0.0471404520791032,1.6,1.5,1.4155992911281103,0.0425307944939859,1.4526425219998933,1.356039254604544,15.666666666666666,0.9428090415820634,0.0334417819976806,0.0024816233982617,1.0,0,0,3,0,
4,5,0,Driving7x7RoundAbout-n2-v0,0,3,None,50,metabaseline,,,,,,,,,,,{1: {'Driving7x7RoundAbout-n2-v0/klr_k0_seed0-v0': 1.0}},"{(-1, 'Driving7x7RoundAbout-n2-v0/klr_k0_seed0-v0'): {'Driving7x7RoundAbout-n2-v0/klr_k1_seed0-v0': 1.0}}",,,,,,,,,,,,,,,,,,,,,,,,,,,,,,,,,,,,,,,,,,,,,,,,,,,,,,,,,,,,,,,,,,,,,,,,,,,,,,,,,,,,,,,,,,,,,,,,,,,,,,,,,,,,,,,,,,,,,,,,,,,,,,,,,,,,,,,,,,,,,,,,,,,,,,,,,,,,,,,,,,,,,,,,,,,,,,,,,,,,,,,,,,,,,,,,,,,,,,,,,,,,,,,,,,,,,,,,,,,,,,,,1.6000000000000003,2.220446049250313e-16,1.6,1.6,1.3386923770453891,0.0490978797315528,1.4081272644455145,1.3039749333453263,22.0,4.242640687119285,0.0457277297973632,0.0083986718343662,1.0,0,0,3,0,
5,5,1,Driving7x7RoundAbout-n2-v0,0,3,None,50,Driving7x7RoundAbout-n2-v0/klr_k1_seed0-v0,,,,,,,,,,,None,None,,,,,,,,,,,,,,,,,,,,,,,,,,,,,,,,,,,,,,,,,,,,,,,,,,,,,,,,,,,,,,,,,,,,,,,,,,,,,,,,,,,,,,,,,,,,,,,,,,,,,,,,,,,,,,,,,,,,,,,,,,,,,,,,,,,,,,,,,,,,,,,,,,,,,,,,,,,,,,,,,,,,,,,,,,,,,,,,,,,,,,,,,,,,,,,,,,,,,,,,,,,,,,,,,,,,,,,,,,,,,,,,1.6000000000000003,2.220446049250313e-16,1.6,1.6,1.3995323211087456,0.0043962441201115,1.4057495491669103,1.3964237070796632,22.0,4.242640687119285,0.0457277297973632,0.0083986718343662,1.0,0,0,3,0,
6,2,0,Driving7x7RoundAbout-n2-v0,0,3,None,50,baposgmcp_6,0.99,1.25,20000,True,pucb,0.5,0.5,0.0625,50,0.01,{1: {'Driving7x7RoundAbout-n2-v0/klr_k0_seed0-v0': 1.0}},"{(-1, 'Driving7x7RoundAbout-n2-v0/klr_k0_seed0-v0'): {'Driving7x7RoundAbout-n2-v0/klr_k1_seed0-v0': 1.0}}",6,,0.4341813579925495,,,,,,,,,,,,,,,,,,,,,,,,,,,,,,,,,,,,,,,,,,,,,,,,,,,0.6463299095247118,0.2995661525768878,0.9861686315868116,1.2420866789865723,1.546412286360711e-05,0.0017171292072817,0.2049777356814659,0.6873256728916787,0.0078766508063644,0.0001591588601863,0.3348288750862152,0.0005092187865657,0.7498160397521009,0.0021279919659248,0.7107172989800704,,,,,,,,,,,,,,,,,,,,,,,,,,,,,,,,,,,,,1.0,,,,,,,,,,,,,,,,,,,,,,,,,,,,,,,,,,,,,,,,,,,,,,,,,,,1.0000000000000002,1.0,1.0,1.0,1.0,1.0,1.0,1.0,1.0,1.0,1.0,1.0,1.0,1.0,1.0,,,,,,,,,,,,,,,,,,,,,,,,,,,,,,,,,,,,0.034000950010996,0.0109088338240412,0.001486989808461,0.0004984757986221,0.0008073715936569,0.0004984575046935,4.277153620644221e-06,4.491163376122915e-07,28.312698412698413,7.363445015709028,0.0283039732584877,0.0087708755466649,4.411111111111111,1.3733800783126908,0.966553950562288,0.0503101159072136,1.4129136553221278,0.0385302129240474,1.5333333333333332,0.0471404520791032,1.6,1.5,1.3789604805332132,0.0396514025032681,1.4199490395625356,1.3253255295974855,14.666666666666666,0.4714045207910317,0.548204263051351,0.1719561865689025,1.0,0,0,3,0,
7,2,1,Driving7x7RoundAbout-n2-v0,0,3,None,50,Driving7x7RoundAbout-n2-v0/klr_k0_seed0-v0,None,None,None,None,None,None,None,None,None,None,None,None,None,,,,,,,,,,,,,,,,,,,,,,,,,,,,,,,,,,,,,,,,,,,,,,,,,,,,,,,,,,,,,,,,,,,,,,,,,,,,,,,,,,,,,,,,,,,,,,,,,,,,,,,,,,,,,,,,,,,,,,,,,,,,,,,,,,,,,,,,,,,,,,,,,,,,,,,,,,,,,,,,,,,,,,,,,,,,,,,,,,,,,,,,,,,,,,,,,,,,,,,,,,,,,,,,,,,,,,,,,,,,,,,1.6000000000000003,2.220446049250313e-16,1.6,1.6,1.4381160967798945,0.0,1.4381160967798945,1.4381160967798945,14.666666666666666,0.4714045207910317,0.548204263051351,0.1719561865689025,1.0,0,0,3,0,
8,8,0,Driving7x7RoundAbout-n2-v0,0,3,None,50,POMeta_6,0.99,1.25,20000,True,pucb,0.5,0.5,0.0625,50,0.01,{1: {'Driving7x7RoundAbout-n2-v0/klr_k0_seed0-v0': 1.0}},"{(-1, 'Driving7x7RoundAbout-n2-v0/klr_k0_seed0-v0'): {'Driving7x7RoundAbout-n2-v0/klr_k1_seed0-v0': 1.0}}",,,,,,,,,,,,,,,,,,,,,,,,,,,,,,,,,,,,,,,,,,,,,,,,,,,,,,,,,,,,,,,,,,,,,,,,,,,,,,,,,,,,,,,,,,,,,,,,,,,,,,,,,,,,,,,,,,,,,,,,,,,,,,,,,,,,,,,,,,,,,,,,,,,,,,,,,,,,,,,,,,,,,,,,,,,,,,,,,,,,,,,,,,,,,,,,,,,,,,,,,,,,,,9.694931999085442e-06,6.690618160977306e-08,0.0089065442009577,0.0002553132721076,0.007353006847321,0.0002899267649919,0.0,0.0,8.106349206349206,0.2515059204415134,0.0075394490408518,0.0002474728852808,0.0,0.0,inf,,-inf,,1.5666666666666669,0.0471404520791032,1.6,1.5,1.3988349411287704,0.0535247841998873,1.4512302542262894,1.3253255295974855,14.666666666666666,0.4714045207910317,0.1489667892456054,0.0080225024473448,1.0,0,0,3,0,6
9,8,1,Driving7x7RoundAbout-n2-v0,0,3,None,50,Driving7x7RoundAbout-n2-v0/klr_k0_seed0-v0,None,None,None,None,None,None,None,None,None,None,None,None,,,,,,,,,,,,,,,,,,,,,,,,,,,,,,,,,,,,,,,,,,,,,,,,,,,,,,,,,,,,,,,,,,,,,,,,,,,,,,,,,,,,,,,,,,,,,,,,,,,,,,,,,,,,,,,,,,,,,,,,,,,,,,,,,,,,,,,,,,,,,,,,,,,,,,,,,,,,,,,,,,,,,,,,,,,,,,,,,,,,,,,,,,,,,,,,,,,,,,,,,,,,,,,,,,,,,,,,,,,,,,,,1.6000000000000003,2.220446049250313e-16,1.6,1.6,1.4429582385198938,0.0068478225196403,1.4526425219998933,1.4381160967798945,14.666666666666666,0.4714045207910317,0.1489667892456054,0.0080225024473448,1.0,0,0,3,0,None
10,1,0,Driving7x7RoundAbout-n2-v0,0,3,None,50,baposgmcp_5,0.99,1.25,20000,True,pucb,0.5,0.5,0.0625,50,0.01,{1: {'Driving7x7RoundAbout-n2-v0/klr_k0_seed0-v0': 1.0}},"{(-1, 'Driving7x7RoundAbout-n2-v0/klr_k0_seed0-v0'): {'Driving7x7RoundAbout-n2-v0/klr_k1_seed0-v0': 1.0}}",5,,1.5636154422046191,,,,,,,,,,,,,,,,,,,,,,,,,,,,,,,,,,,,,,,,,,,,,,,,,,,0.49735903489241,1.2462242035056983,1.417684124936158,2.471798028104468,1.36998068535545,1.6457548084540197,1.0395097179549602,1.1879394564528036,1.075203936793928,1.5019558895642957,2.9765503030682234,3.4632737152590383,3.229383197809375,2.996552646373572,1.6106314168427338,1.2060923879890186,0.78375704856222,1.7772293380850095,2.108070669416672,1.649492291282202,3.247399869264278,2.3563890450781955,2.132604811305444,0.6846470566334968,1.127795394575234,0.95415244138072,0.905125337813272,2.0339050407920727,1.3329490141468887,,,,,,,,,,,,,,,,,,,,,,,0.0,,,,,,,,,,,,,,,,,,,,,,,,,,,,,,,,,,,,,,,,,,,,,,,,,,,0.0,0.0,0.0,0.0,0.0,0.0,0.0,0.0,0.0,0.0,0.0,0.0,0.0,0.0,0.0,0.0,0.0,0.0,0.0,0.0,0.0,0.0,0.0,0.0,0.0,0.0,0.0,0.0,0.0,,,,,,,,,,,,,,,,,,,,,,0.0306408922943271,0.004171631693596,0.1560473687847564,0.0347511228517349,0.1553685651645893,0.0349135441165185,5.296842174533509e-06,7.719711116009701e-07,173.71483305966066,29.75511384943056,0.1634309507160155,0.0280713736347397,5.520890348476556,0.8315837012913642,0.9683201980154807,0.2273316600737657,1.421982687865997,0.0315709621142487,0.7333333333333334,1.049073665457081,1.5,-0.75,0.5769749395816263,0.893875644852002,1.2722586787797543,-0.6849731665675205,19.666666666666668,8.219218670625303,3.816800753275553,1.724185857279786,1.0,1,0,2,0,
11,1,1,Driving7x7RoundAbout-n2-v0,0,3,None,50,Driving7x7RoundAbout-n2-v0/klr_k1_seed0-v0,None,None,None,None,None,None,None,None,None,None,None,None,None,,,,,,,,,,,,,,,,,,,,,,,,,,,,,,,,,,,,,,,,,,,,,,,,,,,,,,,,,,,,,,,,,,,,,,,,,,,,,,,,,,,,,,,,,,,,,,,,,,,,,,,,,,,,,,,,,,,,,,,,,,,,,,,,,,,,,,,,,,,,,,,,,,,,,,,,,,,,,,,,,,,,,,,,,,,,,,,,,,,,,,,,,,,,,,,,,,,,,,,,,,,,,,,,,,,,,,,,,,,,,,,0.7333333333333334,1.084230397819373,1.5,-0.8,0.6346365624438253,0.9674253684165716,1.3253255295974855,-0.7334881165675206,19.666666666666668,8.219218670625303,3.816800753275553,1.724185857279786,1.0,1,0,2,0,
12,12,0,Driving7x7RoundAbout-n2-v0,0,3,None,50,POMetaRollout_pucb_6,0.99,1.25,20000,True,pucb,0.5,0.5,0.0625,50,0.01,{1: {'Driving7x7RoundAbout-n2-v0/klr_k0_seed0-v0': 1.0}},"{(-1, 'Driving7x7RoundAbout-n2-v0/klr_k0_seed0-v0'): {'Driving7x7RoundAbout-n2-v0/klr_k1_seed0-v0': 1.0}}",6,,,,,,,,,,,,,,,,,,,,,,,,,,,,,,,,,,,,,,,,,,,,,,,,,,,,,,,,,,,,,,,,,,,,,,,,,,,,,,,,,,,,,,,,,,,,,,,,,,,,,,,,,,,,,,,,,,,,,,,,,,,,,,,,,,,,,,,,,,,,,,,,,,,,,,,,,,,,,,,,,,,,,,,,,,,,,,,,,,,,,,,,,,,,,,,,,,,,,,,,,,,,,0.0085261309588397,6.716630459990457e-05,0.0421156026698924,0.0556900661393292,0.0414894342422485,0.0557069673652976,7.900485286006222e-06,1.361187107462945e-07,46.15925925925927,52.40988372634025,0.0444346789960507,0.0505064064348183,0.937037037037037,0.0052378280087892,inf,,-inf,,1.55,0.0408248290463863,1.6,1.5,1.362602455269947,0.0411541456589152,1.4199490395625356,1.3253255295974855,16.0,1.4142135623730951,0.9081729253133138,1.0206839780239056,1.0,0,0,3,0,
13,12,1,Driving7x7RoundAbout-n2-v0,0,3,None,50,Driving7x7RoundAbout-n2-v0/klr_k0_seed0-v0,None,None,None,None,None,None,None,None,None,None,None,None,None,,,,,,,,,,,,,,,,,,,,,,,,,,,,,,,,,,,,,,,,,,,,,,,,,,,,,,,,,,,,,,,,,,,,,,,,,,,,,,,,,,,,,,,,,,,,,,,,,,,,,,,,,,,,,,,,,,,,,,,,,,,,,,,,,,,,,,,,,,,,,,,,,,,,,,,,,,,,,,,,,,,,,,,,,,,,,,,,,,,,,,,,,,,,,,,,,,,,,,,,,,,,,,,,,,,,,,,,,,,,,,,1.5666666666666669,0.0471404520791032,1.6,1.5,1.4236333066666698,0.0313200698246713,1.4526425219998933,1.3801413012202222,16.0,1.4142135623730951,0.9081729253133138,1.0206839780239056,1.0,0,0,3,0,
14,7,0,Driving7x7RoundAbout-n2-v0,0,3,None,50,POMeta_5,0.99,1.25,20000,True,pucb,0.5,0.5,0.0625,50,0.01,{1: {'Driving7x7RoundAbout-n2-v0/klr_k0_seed0-v0': 1.0}},"{(-1, 'Driving7x7RoundAbout-n2-v0/klr_k0_seed0-v0'): {'Driving7x7RoundAbout-n2-v0/klr_k1_seed0-v0': 1.0}}",,,,,,,,,,,,,,,,,,,,,,,,,,,,,,,,,,,,,,,,,,,,,,,,,,,,,,,,,,,,,,,,,,,,,,,,,,,,,,,,,,,,,,,,,,,,,,,,,,,,,,,,,,,,,,,,,,,,,,,,,,,,,,,,,,,,,,,,,,,,,,,,,,,,,,,,,,,,,,,,,,,,,,,,,,,,,,,,,,,,,,,,,,,,,,,,,,,,,,,,,,,,,,1.001788510216607e-05,1.1919917104893526e-07,0.3214297678735521,0.1606068366385989,0.3199390295479032,0.1607190949922997,0.0,0.0,307.8805555555556,157.520309733047,0.2890740278694365,0.1454031311939978,0.0,0.0,inf,,-inf,,0.8166666666666668,1.037893165129351,1.6,-0.65,0.7443621313124948,0.928754380334332,1.4105289970501649,-0.5690494755522986,16.0,3.265986323710904,5.662495772043864,3.4066434533939844,1.0,1,0,2,0,5
15,7,1,Driving7x7RoundAbout-n2-v0,0,3,None,50,Driving7x7RoundAbout-n2-v0/klr_k1_seed0-v0,None,None,None,None,None,None,None,None,None,None,None,None,,,,,,,,,,,,,,,,,,,,,,,,,,,,,,,,,,,,,,,,,,,,,,,,,,,,,,,,,,,,,,,,,,,,,,,,,,,,,,,,,,,,,,,,,,,,,,,,,,,,,,,,,,,,,,,,,,,,,,,,,,,,,,,,,,,,,,,,,,,,,,,,,,,,,,,,,,,,,,,,,,,,,,,,,,,,,,,,,,,,,,,,,,,,,,,,,,,,,,,,,,,,,,,,,,,,,,,,,,,,,,,,0.8000000000000002,1.0614455552060438,1.6,-0.7,0.6827296420250709,0.9199164604980498,1.3559785176080643,-0.6179598377047623,16.0,3.265986323710904,5.662495772043864,3.4066434533939844,1.0,1,0,2,0,None
16,13,0,Driving7x7RoundAbout-n2-v0,0,3,None,50,POMetaRollout_pucb_6,0.99,1.25,20000,True,pucb,0.5,0.5,0.0625,50,0.01,{1: {'Driving7x7RoundAbout-n2-v0/klr_k0_seed0-v0': 1.0}},"{(-1, 'Driving7x7RoundAbout-n2-v0/klr_k0_seed0-v0'): {'Driving7x7RoundAbout-n2-v0/klr_k1_seed0-v0': 1.0}}",6,,,,,,,,,,,,,,,,,,,,,,,,,,,,,,,,,,,,,,,,,,,,,,,,,,,,,,,,,,,,,,,,,,,,,,,,,,,,,,,,,,,,,,,,,,,,,,,,,,,,,,,,,,,,,,,,,,,,,,,,,,,,,,,,,,,,,,,,,,,,,,,,,,,,,,,,,,,,,,,,,,,,,,,,,,,,,,,,,,,,,,,,,,,,,,,,,,,,,,,,,,,,,0.008494591258821,4.492464764107405e-05,0.2218606504372188,0.1429683769810563,0.2213622594021615,0.1428906137294376,8.169724827721004e-06,1.4355804333310478e-07,217.76648809523812,139.58059577295697,0.207841880889166,0.1326012928052115,0.9776785714285716,0.015888509303618,inf,,-inf,,0.8666666666666667,0.8605553762283724,1.5,-0.35,0.7158195251127455,0.6321550529223465,1.207346429447469,-0.1766517383103834,36.66666666666666,9.568466729604882,9.853032032648722,8.24358166461934,1.0,0,0,2,1,
17,13,1,Driving7x7RoundAbout-n2-v0,0,3,None,50,Driving7x7RoundAbout-n2-v0/klr_k1_seed0-v0,None,None,None,None,None,None,None,None,None,None,None,None,None,,,,,,,,,,,,,,,,,,,,,,,,,,,,,,,,,,,,,,,,,,,,,,,,,,,,,,,,,,,,,,,,,,,,,,,,,,,,,,,,,,,,,,,,,,,,,,,,,,,,,,,,,,,,,,,,,,,,,,,,,,,,,,,,,,,,,,,,,,,,,,,,,,,,,,,,,,,,,,,,,,,,,,,,,,,,,,,,,,,,,,,,,,,,,,,,,,,,,,,,,,,,,,,,,,,,,,,,,,,,,,,1.5666666666666669,0.0471404520791032,1.6,1.5,1.3931112303389634,0.0631965154924927,1.46341389567807,1.3101702461719102,36.66666666666666,9.568466729604882,9.853032032648722,8.24358166461934,1.0,0,0,3,0,
18,6,0,Driving7x7RoundAbout-n2-v0,0,3,None,50,POMeta_5,0.99,1.25,20000,True,pucb,0.5,0.5,0.0625,50,0.01,{1: {'Driving7x7RoundAbout-n2-v0/klr_k0_seed0-v0': 1.0}},"{(-1, 'Driving7x7RoundAbout-n2-v0/klr_k0_seed0-v0'): {'Driving7x7RoundAbout-n2-v0/klr_k1_seed0-v0': 1.0}}",,,,,,,,,,,,,,,,,,,,,,,,,,,,,,,,,,,,,,,,,,,,,,,,,,,,,,,,,,,,,,,,,,,,,,,,,,,,,,,,,,,,,,,,,,,,,,,,,,,,,,,,,,,,,,,,,,,,,,,,,,,,,,,,,,,,,,,,,,,,,,,,,,,,,,,,,,,,,,,,,,,,,,,,,,,,,,,,,,,,,,,,,,,,,,,,,,,,,,,,,,,,,,9.65574155703734e-06,1.490369522347853e-07,0.0658058629492189,0.045376957404742,0.0643553591119,0.0454402049425606,0.0,0.0,61.66025357511426,42.5610156685165,0.0587530280045311,0.041111295368654,0.0,0.0,inf,,-inf,,1.5666666666666669,0.0471404520791032,1.6,1.5,1.3697422622948825,0.0635888307067613,1.434291959154076,1.2832427740553305,16.666666666666668,2.0548046676563256,1.2110706170399983,0.8813911110566225,1.0,0,0,3,0,5
19,6,1,Driving7x7RoundAbout-n2-v0,0,3,None,50,Driving7x7RoundAbout-n2-v0/klr_k0_seed0-v0,None,None,None,None,None,None,None,None,None,None,None,None,,,,,,,,,,,,,,,,,,,,,,,,,,,,,,,,,,,,,,,,,,,,,,,,,,,,,,,,,,,,,,,,,,,,,,,,,,,,,,,,,,,,,,,,,,,,,,,,,,,,,,,,,,,,,,,,,,,,,,,,,,,,,,,,,,,,,,,,,,,,,,,,,,,,,,,,,,,,,,,,,,,,,,,,,,,,,,,,,,,,,,,,,,,,,,,,,,,,,,,,,,,,,,,,,,,,,,,,,,,,,,,,1.5666666666666669,0.0471404520791032,1.6,1.5,1.4155992911281103,0.0425307944939859,1.4526425219998933,1.356039254604544,16.666666666666668,2.0548046676563256,1.2110706170399983,0.8813911110566225,1.0,0,0,3,0,None
20,9,0,Driving7x7RoundAbout-n2-v0,0,3,None,50,POMeta_6,0.99,1.25,20000,True,pucb,0.5,0.5,0.0625,50,0.01,{1: {'Driving7x7RoundAbout-n2-v0/klr_k0_seed0-v0': 1.0}},"{(-1, 'Driving7x7RoundAbout-n2-v0/klr_k0_seed0-v0'): {'Driving7x7RoundAbout-n2-v0/klr_k1_seed0-v0': 1.0}}",,,,,,,,,,,,,,,,,,,,,,,,,,,,,,,,,,,,,,,,,,,,,,,,,,,,,,,,,,,,,,,,,,,,,,,,,,,,,,,,,,,,,,,,,,,,,,,,,,,,,,,,,,,,,,,,,,,,,,,,,,,,,,,,,,,,,,,,,,,,,,,,,,,,,,,,,,,,,,,,,,,,,,,,,,,,,,,,,,,,,,,,,,,,,,,,,,,,,,,,,,,,,,1.0004308488633895e-05,2.320719391570371e-07,0.4249733835458755,0.193749704885437,0.4234404620197083,0.1937448719872717,0.0,0.0,414.6361111111111,195.54234161676885,0.3866807242234548,0.1811753903030347,0.0,0.0,inf,,-inf,,1.5666666666666669,0.0471404520791032,1.6,1.5,1.4027710564258868,0.0518398725490405,1.46341389567807,1.3367720091540765,15.666666666666666,0.4714045207910317,6.596124649047852,2.8110691943949697,1.0,0,0,3,0,6
21,9,1,Driving7x7RoundAbout-n2-v0,0,3,None,50,Driving7x7RoundAbout-n2-v0/klr_k1_seed0-v0,None,None,None,None,None,None,None,None,None,None,None,None,,,,,,,,,,,,,,,,,,,,,,,,,,,,,,,,,,,,,,,,,,,,,,,,,,,,,,,,,,,,,,,,,,,,,,,,,,,,,,,,,,,,,,,,,,,,,,,,,,,,,,,,,,,,,,,,,,,,,,,,,,,,,,,,,,,,,,,,,,,,,,,,,,,,,,,,,,,,,,,,,,,,,,,,,,,,,,,,,,,,,,,,,,,,,,,,,,,,,,,,,,,,,,,,,,,,,,,,,,,,,,,,1.5666666666666669,0.0471404520791032,1.6,1.5,1.3797341144033035,0.0384849230904382,1.4081272644455145,1.3253255295974855,15.666666666666666,0.4714045207910317,6.596124649047852,2.8110691943949697,1.0,0,0,3,0,None
22,11,0,Driving7x7RoundAbout-n2-v0,0,3,None,50,POMetaRollout_pucb_5,0.99,1.25,20000,True,pucb,0.5,0.5,0.0625,50,0.01,{1: {'Driving7x7RoundAbout-n2-v0/klr_k0_seed0-v0': 1.0}},"{(-1, 'Driving7x7RoundAbout-n2-v0/klr_k0_seed0-v0'): {'Driving7x7RoundAbout-n2-v0/klr_k1_seed0-v0': 1.0}}",5,,,,,,,,,,,,,,,,,,,,,,,,,,,,,,,,,,,,,,,,,,,,,,,,,,,,,,,,,,,,,,,,,,,,,,,,,,,,,,,,,,,,,,,,,,,,,,,,,,,,,,,,,,,,,,,,,,,,,,,,,,,,,,,,,,,,,,,,,,,,,,,,,,,,,,,,,,,,,,,,,,,,,,,,,,,,,,,,,,,,,,,,,,,,,,,,,,,,,,,,,,,,,0.0075526475522445,8.265647653090434e-05,0.3771037297987076,0.2430177473478419,0.3760177549450376,0.24311143485641,7.257369405405534e-06,1.3665962679484825e-07,365.3030825856913,234.54944087940655,0.3469466432253739,0.2235005206292452,1.0,0.0,inf,,-inf,,-1.0166666666666666,0.2494438257849295,-0.75,-1.35,-0.8071049938531131,0.0887925957305066,-0.6849731665675205,-0.893450348901,20.666666666666668,17.93197020841702,12.028627077738443,14.627955139213134,1.0,3,0,0,0,
23,11,1,Driving7x7RoundAbout-n2-v0,0,3,None,50,Driving7x7RoundAbout-n2-v0/klr_k1_seed0-v0,None,None,None,None,None,None,None,None,None,None,None,None,None,,,,,,,,,,,,,,,,,,,,,,,,,,,,,,,,,,,,,,,,,,,,,,,,,,,,,,,,,,,,,,,,,,,,,,,,,,,,,,,,,,,,,,,,,,,,,,,,,,,,,,,,,,,,,,,,,,,,,,,,,,,,,,,,,,,,,,,,,,,,,,,,,,,,,,,,,,,,,,,,,,,,,,,,,,,,,,,,,,,,,,,,,,,,,,,,,,,,,,,,,,,,,,,,,,,,,,,,,,,,,,,-0.8000000000000002,0.0816496580927726,-0.7,-0.9,-0.6534899001023732,0.1980138369369225,-0.3810807373335986,-0.845900846406,20.666666666666668,17.93197020841702,12.028627077738443,14.627955139213134,1.0,3,0,0,0,
24,10,0,Driving7x7RoundAbout-n2-v0,0,3,None,50,POMetaRollout_pucb_5,0.99,1.25,20000,True,pucb,0.5,0.5,0.0625,50,0.01,{1: {'Driving7x7RoundAbout-n2-v0/klr_k0_seed0-v0': 1.0}},"{(-1, 'Driving7x7RoundAbout-n2-v0/klr_k0_seed0-v0'): {'Driving7x7RoundAbout-n2-v0/klr_k1_seed0-v0': 1.0}}",5,,,,,,,,,,,,,,,,,,,,,,,,,,,,,,,,,,,,,,,,,,,,,,,,,,,,,,,,,,,,,,,,,,,,,,,,,,,,,,,,,,,,,,,,,,,,,,,,,,,,,,,,,,,,,,,,,,,,,,,,,,,,,,,,,,,,,,,,,,,,,,,,,,,,,,,,,,,,,,,,,,,,,,,,,,,,,,,,,,,,,,,,,,,,,,,,,,,,,,,,,,,,,0.007065568698777,6.054057581229044e-05,0.1061423394415113,0.1470652393955684,0.1055727134148279,0.1469835698548707,6.713138686286079e-06,3.32395822889288e-07,107.43333333333334,141.1865039190676,0.1007722003592385,0.1324090477449813,0.9402777777777778,0.0070819715466566,inf,,-inf,,1.55,0.0408248290463863,1.6,1.5,1.3457229640509505,0.0525012210175882,1.4199490395625356,1.3070496064184047,17.0,2.160246899469287,2.256086508433024,2.964450483554063,1.0,0,0,3,0,
25,10,1,Driving7x7RoundAbout-n2-v0,0,3,None,50,Driving7x7RoundAbout-n2-v0/klr_k0_seed0-v0,None,None,None,None,None,None,None,None,None,None,None,None,None,,,,,,,,,,,,,,,,,,,,,,,,,,,,,,,,,,,,,,,,,,,,,,,,,,,,,,,,,,,,,,,,,,,,,,,,,,,,,,,,,,,,,,,,,,,,,,,,,,,,,,,,,,,,,,,,,,,,,,,,,,,,,,,,,,,,,,,,,,,,,,,,,,,,,,,,,,,,,,,,,,,,,,,,,,,,,,,,,,,,,,,,,,,,,,,,,,,,,,,,,,,,,,,,,,,,,,,,,,,,,,,1.5333333333333332,0.0471404520791032,1.6,1.5,1.3687843953422487,0.0494978688146893,1.4381160967798945,1.3257582271883537,17.0,2.160246899469287,2.256086508433024,2.964450483554063,1.0,0,0,3,0,
26,3,0,Driving7x7RoundAbout-n2-v0,0,3,None,50,baposgmcp_6,0.99,1.25,20000,True,pucb,0.5,0.5,0.0625,50,0.01,{1: {'Driving7x7RoundAbout-n2-v0/klr_k0_seed0-v0': 1.0}},"{(-1, 'Driving7x7RoundAbout-n2-v0/klr_k0_seed0-v0'): {'Driving7x7RoundAbout-n2-v0/klr_k1_seed0-v0': 1.0}}",6,,1.6325435404574964,,,,,,,,,,,,,,,,,,,,,,,,,,,,,,,,,,,,,,,,,,,,,,,,,,,1.0737854783764276,1.241974858412691,0.6696956768115863,1.7354629715715486,2.0721299008792204,2.705045144744328,1.2378710660390144,2.00360474781186,0.678905709374412,0.9536060057762686,0.9994047415615838,2.602587767002314,1.9959573824440284,2.3683525575864697,1.8505811700517951,1.8154424247423808,1.9559462086978208,1.0233688248063628,1.820115572848367,2.7573820555669197,3.584169235868635,2.8662332741654706,2.2328449706319384,1.3303121034258134,0.4825587595762994,1.5484363237160463,,,,,,,,,,,,,,,,,,,,,,,,,,0.0,,,,,,,,,,,,,,,,,,,,,,,,,,,,,,,,,,,,,,,,,,,,,,,,,,,0.0,0.0,0.0,0.0,0.0,0.0,0.0,0.0,0.0,0.0,0.0,0.0,0.0,0.0,0.0,0.0,0.0,0.0,0.0,0.0,0.0,0.0,0.0,0.0,0.0,0.0,,,,,,,,,,,,,,,,,,,,,,,,,0.0339795467181083,0.006120887520129,0.1513346555905464,0.1084952612326384,0.1506391612892476,0.1083920528980714,5.634421976203593e-06,7.614647843535877e-07,170.60683760683762,97.17119314522397,0.1621343643237383,0.0928228563731693,5.114529914529915,1.1098454329726364,0.9876253213114716,0.0323163925341016,1.404747689521313,0.0457791729822598,1.5166666666666666,0.0623609564462324,1.6,1.45,1.319405694414756,0.0084697036351303,1.325463563861096,1.3074279897856862,18.0,5.715476066494082,3.490626176198324,2.267253581945168,1.0,0,0,3,0,
27,3,1,Driving7x7RoundAbout-n2-v0,0,3,None,50,Driving7x7RoundAbout-n2-v0/klr_k1_seed0-v0,None,None,None,None,None,None,None,None,None,None,None,None,None,,,,,,,,,,,,,,,,,,,,,,,,,,,,,,,,,,,,,,,,,,,,,,,,,,,,,,,,,,,,,,,,,,,,,,,,,,,,,,,,,,,,,,,,,,,,,,,,,,,,,,,,,,,,,,,,,,,,,,,,,,,,,,,,,,,,,,,,,,,,,,,,,,,,,,,,,,,,,,,,,,,,,,,,,,,,,,,,,,,,,,,,,,,,,,,,,,,,,,,,,,,,,,,,,,,,,,,,,,,,,,,1.5666666666666669,0.0471404520791032,1.6,1.5,1.40647940052209,0.0461917431526524,1.46341389567807,1.3502747567212894,18.0,5.715476066494082,3.490626176198324,2.267253581945168,1.0,0,0,3,0,
